{"cameraMode":{"drawMode":0,"name":"Shaded","section":"Shading Mode"},"sceneLighting":false,"audioPlay":false,"sceneViewState":{"showFog":true,"showMaterialUpdate":false,"showSkybox":false,"showFlares":true,"showImageEffects":true,"showParticleSystems":true},"in2DMode":false,"pivot":{"x":413.30548095703127,"y":203.31341552734376,"z":-7.05206298828125},"rotation":{"x":-0.04529064893722534,"y":0.014397536404430867,"z":-0.0006506617646664381,"w":-0.9988884925842285},"size":738.244384765625,"orthographic":false}