{"cameraMode":{"drawMode":0,"name":"Shaded","section":"Shading Mode"},"sceneLighting":false,"audioPlay":false,"sceneViewState":{"showFog":true,"showMaterialUpdate":false,"showSkybox":false,"showFlares":true,"showImageEffects":true,"showParticleSystems":true},"in2DMode":false,"pivot":{"x":0.058694466948509219,"y":1.777999997138977,"z":0.0},"rotation":{"x":0.02730662189424038,"y":-0.0030039572156965734,"z":0.00008516525849699974,"w":0.9996426105499268},"size":6.743080139160156,"orthographic":false}