{"cameraMode":{"drawMode":0,"name":"Shaded","section":"Shading Mode"},"sceneLighting":false,"audioPlay":false,"sceneViewState":{"showFog":true,"showMaterialUpdate":false,"showSkybox":false,"showFlares":true,"showImageEffects":true,"showParticleSystems":true},"in2DMode":false,"pivot":{"x":241.67288208007813,"y":746.5451049804688,"z":1711.9005126953125},"rotation":{"x":-0.06108139455318451,"y":-0.04821241647005081,"z":-0.002960195066407323,"w":0.9969835877418518},"size":25.521400451660158,"orthographic":false}