{"cameraMode":{"drawMode":0,"name":"Shaded","section":"Shading Mode"},"sceneLighting":false,"audioPlay":false,"sceneViewState":{"showFog":true,"showMaterialUpdate":false,"showSkybox":true,"showFlares":true,"showImageEffects":true,"showParticleSystems":true},"in2DMode":false,"pivot":{"x":214.12646484375,"y":823.1629638671875,"z":2180.638427734375},"rotation":{"x":-0.0005166135961189866,"y":0.9987754225730896,"z":0.04917192831635475,"w":0.010792459361255169},"size":1082.559814453125,"orthographic":false}