{"cameraMode":{"drawMode":0,"name":"Shaded","section":"Shading Mode"},"sceneLighting":false,"audioPlay":false,"sceneViewState":{"showFog":true,"showMaterialUpdate":false,"showSkybox":true,"showFlares":true,"showImageEffects":true,"showParticleSystems":true},"in2DMode":false,"pivot":{"x":250.22467041015626,"y":638.792724609375,"z":1519.236572265625},"rotation":{"x":0.0017773027066141368,"y":0.9962034225463867,"z":0.08507444709539414,"w":-0.020618410781025888},"size":956.867919921875,"orthographic":false}