{"cameraMode":{"drawMode":0,"name":"Shaded","section":"Shading Mode"},"sceneLighting":true,"audioPlay":false,"sceneViewState":{"showFog":true,"showMaterialUpdate":false,"showSkybox":true,"showFlares":true,"showImageEffects":true,"showParticleSystems":true},"in2DMode":false,"pivot":{"x":226.4346160888672,"y":1044.69384765625,"z":2986.75244140625},"rotation":{"x":0.1303289383649826,"y":0.04130875691771507,"z":-0.0054346793331205849,"w":0.9906473755836487},"size":997.5983276367188,"orthographic":false}