{"cameraMode":{"drawMode":0,"name":"Shaded","section":"Shading Mode"},"sceneLighting":false,"audioPlay":false,"sceneViewState":{"showFog":true,"showMaterialUpdate":false,"showSkybox":true,"showFlares":true,"showImageEffects":true,"showParticleSystems":true},"in2DMode":false,"pivot":{"x":310.7877197265625,"y":171.3858642578125,"z":546.2395629882813},"rotation":{"x":0.4804963171482086,"y":0.5191745758056641,"z":-0.48692652583122256,"w":0.512420117855072},"size":441.1108093261719,"orthographic":false}