{"cameraMode":{"drawMode":0,"name":"Shaded","section":"Shading Mode"},"sceneLighting":true,"audioPlay":false,"sceneViewState":{"showFog":true,"showMaterialUpdate":false,"showSkybox":true,"showFlares":true,"showImageEffects":true,"showParticleSystems":true},"in2DMode":false,"pivot":{"x":-0.00000762939453125,"y":64.60546875,"z":2500.0},"rotation":{"x":0.3396735191345215,"y":-0.035561349242925647,"z":0.012872809544205666,"w":0.9398453235626221},"size":711.3435668945313,"orthographic":false}