{"cameraMode":{"drawMode":0,"name":"Shaded","section":"Shading Mode"},"sceneLighting":false,"audioPlay":false,"sceneViewState":{"showFog":true,"showMaterialUpdate":false,"showSkybox":true,"showFlares":true,"showImageEffects":true,"showParticleSystems":true},"in2DMode":false,"pivot":{"x":245.8986053466797,"y":432.3770751953125,"z":1327.111572265625},"rotation":{"x":-0.00036242662463337183,"y":0.999602735042572,"z":-0.025803416967391969,"w":-0.01469108834862709},"size":632.2401123046875,"orthographic":false}