{"cameraMode":{"drawMode":0,"name":"Shaded","section":"Shading Mode"},"sceneLighting":false,"audioPlay":false,"sceneViewState":{"showFog":true,"showMaterialUpdate":false,"showSkybox":true,"showFlares":true,"showImageEffects":true,"showParticleSystems":true},"in2DMode":false,"pivot":{"x":245.8986053466797,"y":432.3770751953125,"z":1327.111572265625},"rotation":{"x":0.0017773027066141368,"y":0.9962034225463867,"z":0.08507444709539414,"w":-0.020618410781025888},"size":956.8673706054688,"orthographic":false}