{"cameraMode":{"drawMode":0,"name":"Shaded","section":"Shading Mode"},"sceneLighting":false,"audioPlay":false,"sceneViewState":{"showFog":true,"showMaterialUpdate":false,"showSkybox":true,"showFlares":true,"showImageEffects":true,"showParticleSystems":true},"in2DMode":false,"pivot":{"x":227.50738525390626,"y":710.9010009765625,"z":1713.173095703125},"rotation":{"x":-0.04833046719431877,"y":-0.6827873587608337,"z":0.045331332832574847,"w":-0.7276743054389954},"size":1082.559814453125,"orthographic":false}