{"cameraMode":{"drawMode":0,"name":"Shaded","section":"Shading Mode"},"sceneLighting":false,"audioPlay":false,"sceneViewState":{"showFog":true,"showMaterialUpdate":false,"showSkybox":true,"showFlares":true,"showImageEffects":true,"showParticleSystems":true},"in2DMode":false,"pivot":{"x":302.48065185546877,"y":309.66583251953127,"z":936.0737915039063},"rotation":{"x":0.003909999970346689,"y":-0.9943248629570007,"z":-0.041498590260744098,"w":-0.09816300868988037},"size":283.80499267578127,"orthographic":false}