{"cameraMode":{"drawMode":0,"name":"Shaded","section":"Shading Mode"},"sceneLighting":false,"audioPlay":false,"sceneViewState":{"showFog":true,"showMaterialUpdate":false,"showSkybox":true,"showFlares":true,"showImageEffects":true,"showParticleSystems":true},"in2DMode":false,"pivot":{"x":250.22467041015626,"y":638.792724609375,"z":1519.236572265625},"rotation":{"x":-0.00024268035485874861,"y":-0.9999723434448242,"z":0.009306127205491066,"w":-0.005394738633185625},"size":668.0531616210938,"orthographic":false}