{"cameraMode":{"drawMode":0,"name":"Shaded","section":"Shading Mode"},"sceneLighting":false,"audioPlay":false,"sceneViewState":{"showFog":true,"showMaterialUpdate":false,"showSkybox":true,"showFlares":true,"showImageEffects":true,"showParticleSystems":true},"in2DMode":false,"pivot":{"x":245.8986053466797,"y":432.3770751953125,"z":1327.111572265625},"rotation":{"x":0.00003228257628506981,"y":0.9999992251396179,"z":-0.009307853877544403,"w":0.0018043213058263064},"size":1842.8516845703125,"orthographic":false}