{"cameraMode":{"drawMode":0,"name":"Shaded","section":"Shading Mode"},"sceneLighting":false,"audioPlay":false,"sceneViewState":{"showFog":true,"showMaterialUpdate":false,"showSkybox":true,"showFlares":true,"showImageEffects":true,"showParticleSystems":true},"in2DMode":false,"pivot":{"x":319.32623291015627,"y":278.9364318847656,"z":834.8801879882813},"rotation":{"x":-0.0007971086888574064,"y":-0.9990343451499939,"z":0.0422891266644001,"w":-0.014375748112797737},"size":548.2518920898438,"orthographic":false}