{"cameraMode":{"drawMode":0,"name":"Shaded","section":"Shading Mode"},"sceneLighting":false,"audioPlay":false,"sceneViewState":{"showFog":true,"showMaterialUpdate":false,"showSkybox":true,"showFlares":true,"showImageEffects":true,"showParticleSystems":true},"in2DMode":false,"pivot":{"x":227.63134765625,"y":553.7872314453125,"z":1324.4742431640625},"rotation":{"x":0.000272864184807986,"y":-0.9995659589767456,"z":0.021305233240127565,"w":0.021601494401693345},"size":511.9176330566406,"orthographic":false}