{"cameraMode":{"drawMode":0,"name":"Shaded","section":"Shading Mode"},"sceneLighting":false,"audioPlay":false,"sceneViewState":{"showFog":true,"showMaterialUpdate":false,"showSkybox":true,"showFlares":true,"showImageEffects":true,"showParticleSystems":true},"in2DMode":false,"pivot":{"x":310.7877197265625,"y":171.3858642578125,"z":546.2395629882813},"rotation":{"x":0.16267457604408265,"y":0.8252274394035339,"z":-0.29685017466545107,"w":0.45222198963165285},"size":842.1331787109375,"orthographic":false}