{"cameraMode":{"drawMode":0,"name":"Shaded","section":"Shading Mode"},"sceneLighting":false,"audioPlay":false,"sceneViewState":{"showFog":true,"showMaterialUpdate":false,"showSkybox":true,"showFlares":true,"showImageEffects":true,"showParticleSystems":true},"in2DMode":false,"pivot":{"x":245.8986053466797,"y":432.3770751953125,"z":1327.111572265625},"rotation":{"x":0.04079839214682579,"y":-0.0033223729114979507,"z":0.00017774940351955593,"w":0.9992143511772156},"size":956.8673706054688,"orthographic":false}