{"cameraMode":{"drawMode":0,"name":"Shaded","section":"Shading Mode"},"sceneLighting":false,"audioPlay":false,"sceneViewState":{"showFog":true,"showMaterialUpdate":false,"showSkybox":true,"showFlares":true,"showImageEffects":true,"showParticleSystems":true},"in2DMode":false,"pivot":{"x":215.81552124023438,"y":483.33013916015627,"z":1521.7252197265625},"rotation":{"x":0.06386220455169678,"y":-0.8543838262557983,"z":0.10858794301748276,"w":0.5041936635971069},"size":956.867919921875,"orthographic":false}