{"cameraMode":{"drawMode":0,"name":"Shaded","section":"Shading Mode"},"sceneLighting":false,"audioPlay":false,"sceneViewState":{"showFog":true,"showMaterialUpdate":false,"showSkybox":true,"showFlares":true,"showImageEffects":true,"showParticleSystems":true},"in2DMode":false,"pivot":{"x":310.7877197265625,"y":171.3858642578125,"z":546.2395629882813},"rotation":{"x":-0.0005166135961189866,"y":0.9987754225730896,"z":0.04917192831635475,"w":0.010792459361255169},"size":966.875732421875,"orthographic":false}