{"cameraMode":{"drawMode":0,"name":"Shaded","section":"Shading Mode"},"sceneLighting":false,"audioPlay":false,"sceneViewState":{"showFog":true,"showMaterialUpdate":false,"showSkybox":true,"showFlares":true,"showImageEffects":true,"showParticleSystems":true},"in2DMode":false,"pivot":{"x":172.427001953125,"y":404.11505126953127,"z":1287.2607421875},"rotation":{"x":0.001092124730348587,"y":-0.9986225366592407,"z":0.027283497154712678,"w":0.04557657614350319},"size":539.7490234375,"orthographic":false}