{"cameraMode":{"drawMode":0,"name":"Shaded","section":"Shading Mode"},"sceneLighting":false,"audioPlay":false,"sceneViewState":{"showFog":true,"showMaterialUpdate":false,"showSkybox":true,"showFlares":true,"showImageEffects":true,"showParticleSystems":true},"in2DMode":false,"pivot":{"x":211.6980438232422,"y":776.3667602539063,"z":1834.626708984375},"rotation":{"x":-0.04833046719431877,"y":-0.6827873587608337,"z":0.045331332832574847,"w":-0.7276743054389954},"size":1082.560546875,"orthographic":false}