{"cameraMode":{"drawMode":0,"name":"Shaded","section":"Shading Mode"},"sceneLighting":false,"audioPlay":false,"sceneViewState":{"showFog":true,"showMaterialUpdate":false,"showSkybox":true,"showFlares":true,"showImageEffects":true,"showParticleSystems":true},"in2DMode":false,"pivot":{"x":246.38446044921876,"y":423.6459045410156,"z":1327.111572265625},"rotation":{"x":0.010807850398123265,"y":0.013173544779419899,"z":-0.00008502446871716529,"w":0.9999114871025086},"size":897.0933837890625,"orthographic":false}