{"cameraMode":{"drawMode":0,"name":"Shaded","section":"Shading Mode"},"sceneLighting":false,"audioPlay":false,"sceneViewState":{"showFog":true,"showMaterialUpdate":false,"showSkybox":true,"showFlares":true,"showImageEffects":true,"showParticleSystems":true},"in2DMode":false,"pivot":{"x":224.7670440673828,"y":897.6311645507813,"z":2466.806640625},"rotation":{"x":-0.0005166135961189866,"y":0.9987754225730896,"z":0.04917192831635475,"w":0.010792459361255169},"size":1082.559814453125,"orthographic":false}