{"cameraMode":{"drawMode":0,"name":"Shaded","section":"Shading Mode"},"sceneLighting":false,"audioPlay":false,"sceneViewState":{"showFog":true,"showMaterialUpdate":false,"showSkybox":true,"showFlares":true,"showImageEffects":true,"showParticleSystems":true},"in2DMode":false,"pivot":{"x":250.22454833984376,"y":638.7930297851563,"z":1519.236572265625},"rotation":{"x":0.0010868706740438939,"y":0.9978407025337219,"z":-0.013766062445938588,"w":0.06475226581096649},"size":474.16021728515627,"orthographic":false}