{"cameraMode":{"drawMode":0,"name":"Shaded","section":"Shading Mode"},"sceneLighting":false,"audioPlay":false,"sceneViewState":{"showFog":true,"showMaterialUpdate":false,"showSkybox":true,"showFlares":true,"showImageEffects":true,"showParticleSystems":true},"in2DMode":false,"pivot":{"x":227.85350036621095,"y":584.7821044921875,"z":1457.5655517578125},"rotation":{"x":-0.22636021673679353,"y":0.10840042680501938,"z":-0.02556469477713108,"w":-0.96769779920578},"size":752.6185913085938,"orthographic":false}