{"cameraMode":{"drawMode":0,"name":"Shaded","section":"Shading Mode"},"sceneLighting":false,"audioPlay":false,"sceneViewState":{"showFog":true,"showMaterialUpdate":false,"showSkybox":true,"showFlares":true,"showImageEffects":true,"showParticleSystems":true},"in2DMode":false,"pivot":{"x":283.6346740722656,"y":649.5464477539063,"z":1567.8656005859375},"rotation":{"x":0.15988250076770783,"y":0.5566319227218628,"z":-0.11001785844564438,"w":0.807837188243866},"size":668.6157836914063,"orthographic":false}